time_us,state,temperature_chip_celsius,deployment_percent,pressure_mb,altitude_m,temperature_alt_celsius,mid_imu_ax,mid_imu_ay,mid_imu_az,mid_imu_gx,mid_imu_gy,mid_imu_gz,mag_x,mag_y,mag_z,high_g_x,high_g_y,high_g_z
14598545932595406899,RECOVERY,-179.78,12,1521.95,-201604.09,-76.01,-9.71,10.92,31.82,-1904.63,3128.05,754.51,977471936.00,-968991936.00,752799936.00,-1448.29,1473.51,-1033.90
17389976492968054384,RECOVERY,-1383.36,89,2198.68,425154.31,178.70,4.88,-4.30,-3.53,-2319.63,2362.44,-3262.56,2.03e+09,187487984.00,-940703936.00,-1395.51,-587.66,1318.24
1316105503724774063,-427.89,254,506.46,-780473.12,2.69,12.50,-9.94,3.52,3262.80,1850.98,441.34,-1.56e+09,236623984.00,1.86e+09,-284.63,559.71,294.78
3874649220767367882,RECOVERY,-528.07,112,2151.15,686833.50,-171.43,17.42,0.15,9.57,3898.66,1945.37,811.71,-1.25e+09,-636384000.00,-260687984.00,1401.07,-542.98,-1148.34
8894709989216799744,RECOVERY,-92.24,53,2000.14,584672.19,80.61,-31.98,12.10,18.25,3885.49,1555.98,3789.88,-763631936.00,571040000.00,1.02e+09,494.88,-1576.00,606.88
290926406032591323,-565.99,142,1394.49,-90957.50,6.47,5.39,12.87,16.09,3004.76,-2290.61,3661.83,-355775968.00,532607968.00,-210463984.00,-495.27,-1043.07,-1504.15
8523829354353751865,RECOVERY,-1327.18,66,2543.18,-623614.88,-12.09,5.66,-28.10,8.27,-1132.07,1810.12,3099.88,-684287936.00,-303136000.00,-1.25e+09,31.66,974.98,295.32
2772392290252958732,-580.04,98,1773.46,148.10,-117.42,-2.67,25.10,2.79,-209.51,-773.90,-9.51,-1.44e+09,-1.03e+09,357727968.00,1295.71,-131.76,1272.05
7733490881900227843,PAD,121.70,20,941.24,34580.70,-151.19,11.47,22.89,26.14,-3918.90,3360.37,481.59,-599136000.00,-1.24e+09,1.80e+09,1423.27,1347.51,-1224.10
11273098433492524530,-611.87,32,1684.85,-235905.59,-305.90,24.89,-31.87,-21.72,-1998.41,-3673.66,-2958.41,-1.83e+09,806927936.00,-120031992.00,317.66,-1410.15,441.32
15882117154401970059,74.89,93,940.72,3622.60,102.43,-16.82,-7.22,9.49,-1447.93,-3424.51,155.85,-155568000.00,-688159936.00,1.32e+09,-1211.07,36.05,800.59
6255355640920130213,APOGEE,314.57,83,1586.71,326989.69,27.98,27.56,-7.14,-4.76,-2484.51,-870.37,36.34,-1.39e+09,-936623936.00,-1.94e+09,-1504.05,1304.68,-816.20
13323179382531534129,RECOVERY,281.34,210,1718.39,463702.59,183.99,-6.73,12.28,14.86,428.66,-532.80,-2119.27,1.27e+09,-419471968.00,961919936.00,-384.39,39.66,-1285.90
16982493832577035391,PAD,-1286.92,105,1762.37,-702147.38,53.69,-10.54,-10.06,-28.30,-606.34,-839.15,2673.66,1.46e+09,-1.35e+09,244303984.00,-408.88,-312.59,-1477.85
1352157598505413130,BOOST,-813.64,150,297.51,-349275.91,4.27,17.15,27.06,30.86,956.46,-133.17,1954.27,1.86e+09,-1.72e+09,-163488000.00,-1462.29,-941.66,-478.63
3518239048256189510,BOOST,211.12,229,208.89,-361108.41,-32.12,27.91,3.56,23.55,-756.22,-2120.73,1629.27,1.87e+09,1.48e+09,911263936.00,-1210.20,474.00,284.59
10290038845143711402,-253.74,21,2301.87,565307.19,-294.07,10.58,-28.67,18.81,1956.71,-2997.32,3758.66,-2.02e+09,1.21e+09,-1.58e+09,-1502.29,-647.90,387.51
14064313764587658623,RECOVERY,-1158.65,187,840.60,773744.38,177.42,23.21,20.09,27.48,754.88,1608.54,-3448.78,-444959968.00,-134031992.00,1.27e+09,1471.27,508.29,1568.39
14304734223103900423,-1007.91,33,593.30,25786.30,9.59,-12.93,7.67,18.03,2528.54,-3131.59,2010.37,1.62e+09,-1.65e+09,1.59e+09,381.90,1184.78,-1027.12
6860663895840583145,-1333.27,16,631.34,-353513.19,-135.05,-7.03,-17.47,-26.23,-1151.59,-463.90,-2224.39,-983663936.00,-1.15e+09,829807936.00,-550.49,-456.10,1520.68
913213038519319190,98.30,16,1991.81,-466602.31,-110.70,-11.64,-11.95,8.75,-3199.02,-1350.73,3949.88,642832000.00,-86719992.00,-1.14e+09,-1216.39,5.85,1044.15
16748774807385013507,-1476.99,253,625.64,-490704.09,169.15,-18.31,-13.38,-5.35,-3845.49,-65.49,-3518.66,1.45e+09,-224207984.00,1.65e+09,-792.98,-385.56,-1495.76
14786004526512495257,-1331.86,44,1462.69,806573.31,204.10,-27.65,23.74,7.86,572.56,295.85,-3010.49,-1.95e+09,907535936.00,-592256000.00,1502.59,596.78,-1276.44
12934897669489849856,-974.21,173,162.70,-3299.50,11.83,30.61,-7.44,20.12,-1172.56,-1442.80,-2325.98,565216000.00,111503992.00,1.18e+09,-239.90,-1246.44,1202.63
3493058834048610598,-1368.38,171,983.75,196413.91,-157.10,-26.35,30.86,24.18,-3251.71,-3421.83,-2512.20,1.83e+09,-1.54e+09,144800000.00,739.56,171.71,1351.07
7848239074407753403,END,-1049.58,47,2035.96,-194986.59,280.35,-28.46,-20.41,11.01,-3704.15,-51.95,-2385.37,2.01e+09,1.99e+09,1.36e+09,740.00,835.41,499.90
6386271261392318682,-578.63,8,2198.33,471670.81,270.18,30.42,-17.69,24.36,-1549.15,3140.98,1405.73,-1.84e+09,-1.95e+09,431263968.00,-850.68,170.05,-1345.56
8220310670564545790,COAST,-1342.63,206,1092.00,-643034.62,-297.27,12.28,-1.74,-17.77,-3504.15,1593.05,386.71,1.52e+09,910511936.00,-672256000.00,1175.32,-382.20,987.80
737320033222513348,COAST,-1198.44,64,2531.92,803086.69,-298.40,23.63,9.42,-3.60,124.88,-322.20,-1093.54,-1.57e+09,948799936.00,917903936.00,-1119.56,247.22,215.17
13646519916596015622,-666.17,189,1125.27,-517775.50,-183.98,10.86,20.88,-1.05,-3868.78,2944.27,3296.95,1.64e+09,-49247996.00,-1.65e+09,957.66,558.24,-241.46
16018638369740769798,-840.32,10,2602.56,-253662.00,-277.01,7.71,23.41,-30.79,2785.85,-1948.78,2847.32,1.84e+09,-1.04e+09,1.56e+09,-663.85,1334.00,-936.78
16941235025318121254,-250.94,136,1463.35,517516.19,309.67,-14.65,28.57,2.06,3422.93,-898.66,789.15,-1.17e+09,1.53e+09,-390063968.00,494.78,-804.39,1422.93
8259503389173255945,COAST,159.62,227,85.03,-497226.81,27.88,26.38,3.01,-17.52,1539.39,-41.22,112.80,86271992.00,-1.84e+09,-10591999.00,-1500.15,-324.00,-1483.71
5625313696759941264,-902.11,36,1604.81,-178139.91,318.94,24.41,-8.92,18.70,-2182.93,-2184.39,-2845.73,805487936.00,-126863992.00,-2.03e+09,-276.63,-544.24,736.34
16019712088509361469,BOOST,-283.24,74,240.07,-771210.62,80.75,-30.71,15.01,-1.73,3776.22,1667.68,909.02,-1.23e+09,337055968.00,-282480000.00,1150.00,-689.90,-1112.59
1095006967446166056,-1102.01,99,1728.95,-325485.91,120.03,-1.45,-26.94,3.50,1317.44,3894.27,1889.51,-1.91e+09,285248000.00,-291904000.00,-613.71,-366.93,389.12
3805286595196593582,-1289.26,155,2154.89,-85765.20,-197.31,-18.81,-18.04,11.10,-2755.98,-3381.95,-3290.85,-825311936.00,513135968.00,1.57e+09,1328.78,-1199.02,138.05
5113833488452352314,-966.72,189,11.26,-135137.00,-32.67,-17.21,-18.07,-1.25,1504.27,-812.32,3427.07,-1.23e+09,346591968.00,538624000.00,-1395.27,-610.54,-1083.76
6294545821239522951,-194.29,124,1928.34,-104736.10,66.28,-21.69,0.13,-3.25,-3690.37,3246.22,-317.32,898831936.00,-1.96e+09,-1.39e+09,1493.32,668.05,1169.37
8989172868473521782,-646.98,169,2595.45,-27860.30,-201.15,15.94,12.56,-31.14,12.68,2281.71,3705.98,1.95e+09,1.27e+09,1.29e+09,823.51,43.71,-1005.12
4753767607508609931,-907.73,55,1574.57,-400953.41,250.85,7.50,-3.95,-8.66,-3984.02,-868.17,-2545.12,-2.07e+09,332256000.00,-174559984.00,1241.95,1397.22,-1115.27
12540227902570340930,-653.53,115,1724.88,-624497.31,-39.88,11.91,-18.90,27.13,2460.73,-3865.49,500.98,-1.21e+09,-6399999.50,-1.75e+09,1337.32,-365.37,878.39
12858968449954634852,-579.57,85,2094.37,696994.38,-37.68,-11.87,-18.62,11.84,-480.00,-828.29,-872.20,-34768000.00,1.74e+09,903039936.00,342.05,1181.66,-1005.76
137872262593862629,-376.40,244,142.28,-498937.41,149.93,16.73,-27.15,-12.46,3291.46,2178.90,-2229.02,-365151968.00,-1.33e+09,1.33e+09,364.88,1031.07,1124.73
3211503529005883017,COAST,-1430.17,12,1931.43,613137.88,-153.83,31.14,-11.16,-17.19,-2658.78,2124.39,-3259.88,-1.43e+09,798575936.00,797087936.00,-427.56,976.54,1278.93
16052374797006382273,-245.32,189,212.26,-22011.70,231.30,-5.48,3.40,23.23,-2350.61,1534.76,-2466.46,-2.04e+09,102287992.00,632784000.00,1005.37,1361.12,-1434.83
14639532148676685186,-803.81,226,374.62,63561.40,-28.15,18.12,9.42,16.27,3731.22,-2379.76,1122.93,-930111936.00,-999951936.00,1.77e+09,-1201.12,-960.00,-62.44
10315203606644016702,-749.50,58,2296.49,-608455.81,-260.08,10.35,28.89,-20.91,427.20,-3317.56,318.90,-1.06e+09,196927984.00,-571536000.00,-1446.20,1562.24,-1293.76
5324740219188670976,-44.02,154,716.71,520123.69,-135.04,15.86,0.83,-4.38,1042.20,15.37,-1698.90,1.55e+09,-440351968.00,1.21e+09,1150.59,-1223.76,-733.71
14579662317117451587,END,-1389.44,6,1543.64,534383.00,-83.68,1.19,-9.90,0.60,1881.71,-608.29,-2587.80,-1.05e+09,-20560000.00,1.22e+09,-397.51,-1191.66,320.10
4214096539353106601,-565.52,68,2277.15,-471151.59,-223.79,6.22,8.56,-14.46,2982.80,-2743.78,-222.32,1.53e+09,-2.04e+09,-353007968.00,298.73,266.29,-1561.56
1803643083706971382,-782.27,200,545.35,833002.19,224.08,-26.63,12.17,-19.75,-127.44,-1118.29,-2637.07,-176863984.00,536175968.00,547376000.00,-12.15,-136.59,-1017.12
7408818716222267028,-155.44,3,1027.45,-172706.20,-92.08,25.10,-5.92,27.94,-808.41,-2834.63,1854.76,636880000.00,-1.34e+09,-458671968.00,-1078.39,-1581.85,-560.39
9925640402058076640,-1049.58,211,1041.18,-473261.59,289.78,-29.09,15.67,27.90,-3438.66,213.90,-1717.56,-975807936.00,-891951936.00,-1.49e+09,905.02,1123.61,-710.20
11897307435056371046,-1120.27,140,1058.85,54712.80,-4.08,3.35,-9.52,23.15,1245.49,3822.20,1962.32,-1.73e+09,-999807936.00,1.66e+09,988.05,1.61,-909.71
15801400556093530228,77.70,103,569.94,342083.59,-184.58,-2.07,23.48,7.81,-3862.44,1000.37,-1630.12,657824000.00,24703998.00,1.84e+09,-1019.71,1347.71,25.51
3787056023922301639,-1453.11,19,1869.79,478059.19,-14.53,-24.10,-16.84,-28.00,1684.51,-2068.29,494.76,-611824000.00,-1.52e+09,2.03e+09,585.27,-458.44,-270.20
757080262522539622,-864.19,98,2099.53,-251917.50,230.22,14.96,29.96,3.09,1347.80,-2600.49,335.85,-626800000.00,11359999.00,1.76e+09,384.68,1167.80,-592.00
9627019134508349839,173.67,210,1167.44,-110774.70,-10.09,-17.31,-8.92,-27.19,-1831.59,-3490.24,1575.12,1.31e+09,-343535968.00,-991951936.00,-904.98,310.00,-1072.05
16527769056439430834,APOGEE,-343.16,126,1143.90,678697.38,158.36,-15.83,23.37,30.03,2166.95,-3029.76,-1632.80,-1.16e+09,-1.98e+09,-1.86e+09,1288.93,1012.44,-348.59
10909792288433192036,BOOST,-1177.85,185,2442.17,460727.81,-263.25,12.34,12.89,-9.11,229.51,-2418.17,3146.95,1.82e+09,-1.16e+09,-1.87e+09,-333.56,-648.88,1382.63
9682174018130875977,-1406.77,157,1721.63,729025.12,257.84,19.36,9.17,28.29,1557.07,-345.49,2047.68,739103936.00,496095968.00,750271936.00,962.83,-522.78,284.59
7637576300063416421,-243.44,118,1490.01,584507.38,181.11,-23.95,-1.88,-11.82,-1310.98,-3003.05,-1507.44,708479936.00,697103936.00,-1.14e+09,743.61,1027.71,1159.71
8846599311588366194,-181.18,192,1369.71,713058.00,215.62,-30.55,25.57,26.48,-438.17,3820.00,3694.27,-705983936.00,-1.82e+09,692447936.00,-1457.41,-201.51,1202.34
207762614323327347,-861.85,148,38.96,-313105.19,-157.94,-11.05,-1.59,-29.77,-284.51,-33.17,2806.46,-624848000.00,-1.92e+09,246623984.00,-909.61,-1072.68,-1205.85
15289940320650418913,END,-1171.29,184,1083.98,461438.91,-93.37,22.94,-3.51,-30.51,2124.76,-3515.37,-271.95,1.80e+09,-1.80e+09,1.03e+09,-1422.63,-1336.00,-1135.32
10584701353375048268,RECOVERY,-1337.01,155,2451.85,812991.50,-48.97,1.67,-16.93,10.41,-1165.49,-1941.71,-3246.34,-544080000.00,773039936.00,580064000.00,1201.61,1420.29,-775.61
2878924603693722754,COAST,82.85,154,1814.88,58026.60,209.90,14.67,-6.31,-28.54,1853.90,35.61,-2548.90,1.34e+09,431647968.00,764063936.00,-1277.17,-647.17,602.93
14967012198920815222,BOOST,220.48,198,1012.85,409302.81,-127.86,-2.68,12.61,-17.75,-2407.44,269.76,1841.71,-173135984.00,1.44e+09,-369007968.00,-1079.71,37.90,-1399.95
11714389545005382445,367.01,224,1151.25,-502766.09,-186.88,4.45,-28.40,-13.57,-801.95,-3437.20,-2546.59,1.23e+09,-320656000.00,-1.42e+09,374.15,126.98,-1332.05
11973232649421634188,RECOVERY,-1008.85,81,2516.64,258069.41,-266.57,-20.13,-10.48,-19.85,-3609.76,-2783.29,2746.71,596864000.00,1.22e+09,-1.32e+09,-112.93,958.24,728.29
12741558072014436660,301.47,78,2421.59,179434.30,204.68,18.55,17.30,4.25,889.76,2015.85,-1554.88,-160640000.00,-1.61e+09,-239599984.00,997.02,541.22,-1139.41
12592276839035012614,BOOST,326.75,194,2559.74,685519.38,-262.89,13.33,21.77,-16.60,-717.56,-2755.61,-1709.76,1.23e+09,134432000.00,1.97e+09,-668.83,-1548.10,270.29
9578946793064671065,-1246.19,140,2609.90,596697.50,126.46,-16.63,25.49,-8.82,-2516.46,-969.88,-1387.32,-1.53e+09,101039992.00,-178495984.00,-734.73,-394.44,-1597.17
4636433420215568369,COAST,-866.54,190,1005.89,-658386.38,289.96,18.80,-2.36,-6.29,2501.34,-2817.68,-2927.93,-1.40e+09,1.13e+09,-697935936.00,-1320.49,-1154.49,987.80
11786540542629634332,COAST,-391.38,232,1591.23,152472.59,-9.14,-13.50,30.32,-15.06,-3729.27,2461.34,-689.02,1.63e+09,-35216000.00,-1.42e+09,-1057.66,678.54,-21.37
7932259734043957051,-78.66,125,410.50,-159344.41,314.94,26.42,-21.00,-8.66,2494.39,-3746.46,-3017.56,523071968.00,-2.00e+09,-1.14e+09,749.02,256.54,-910.20
1484522576333492541,APOGEE,359.05,223,1447.86,-268494.50,-103.31,-31.78,14.10,2.24,1414.15,-1020.85,-1111.22,-1.58e+09,1.23e+09,-207055984.00,1353.27,-273.95,662.59
1999961827740096964,-1299.09,70,1762.54,410785.69,-146.43,24.08,10.18,29.10,-1475.37,-3578.05,-1587.44,2.08e+09,-937727936.00,-789135936.00,-654.73,-880.73,-392.34
3641424509469360159,-424.15,182,871.02,266442.31,-115.70,14.98,-2.05,-28.44,-1395.85,-3618.90,1377.44,-1.59e+09,-1.82e+09,-1.97e+09,-1020.59,-94.15,-458.78
828405131011629943,180.69,172,1740.44,388498.69,111.89,17.50,-28.08,4.52,311.34,-2205.37,2677.20,-1.92e+09,325856000.00,-993727936.00,1100.34,-635.66,-774.39
7274470624639121376,APOGEE,-1126.82,116,2561.83,593669.50,115.45,-10.62,0.01,-13.41,-2984.15,-2607.80,-2376.83,941775936.00,1.25e+09,1.00e+09,371.85,-622.54,840.59
2405000388459479978,COAST,-388.57,231,2375.54,224509.50,-181.93,-28.24,21.35,23.46,3729.76,592.80,-743.66,746799936.00,255647984.00,120847992.00,514.49,1318.78,-128.24
4388590889804625755,-680.22,247,2578.88,-561580.81,-268.55,10.95,20.24,13.71,1000.85,614.76,3911.83,-89375992.00,-2.00e+09,742639936.00,-169.61,-890.88,-325.12
6053450168306589174,-562.25,150,821.91,-686042.69,-103.85,4.61,-29.91,27.09,-344.27,3994.63,3847.44,-1.74e+09,-327792000.00,751615936.00,-1566.05,1266.00,-59.76
3430634800645789562,-979.36,104,1379.35,-96340.40,5.05,-20.41,-7.95,-22.89,-2589.39,3135.73,1165.12,596176000.00,1.15e+09,1.16e+09,-646.88,-713.41,-193.61
8250759280574269420,-1002.76,220,1513.99,601998.50,-152.84,-16.80,-25.94,31.51,-1350.24,2293.90,-410.73,1.94e+09,1.23e+09,-769167936.00,1484.73,-892.39,-1106.83
8532188862975503359,-529.48,5,1290.10,-468238.00,-187.88,-23.85,-9.92,24.13,-978.90,2195.49,3068.29,-964655936.00,348159968.00,1.39e+09,-631.17,950.73,3.95
5473701587356011255,END,-1097.80,45,865.08,287142.69,-312.33,-4.78,29.97,13.19,-1511.46,-1574.02,-1113.41,79104000.00,2.07e+09,-805311936.00,1581.71,467.27,-1189.12
8802437745649368707,-244.38,15,876.60,455479.91,-150.03,-31.07,-4.62,22.82,2973.17,-335.37,-3288.29,1.86e+09,-1.50e+09,683455936.00,1294.34,698.73,1467.51
7644381712849993278,-103.00,86,1475.64,-167880.00,-87.89,11.35,-27.22,27.21,-876.34,-2097.44,-773.78,-723295936.00,-1.59e+09,1.97e+09,928.05,1269.76,-1562.20
1422170602579483798,RECOVERY,315.98,92,684.35,389761.31,283.51,22.46,-29.90,20.95,1422.56,3748.41,3695.85,-762703936.00,-993103936.00,-1.60e+09,-1573.90,858.73,-105.71
5965478113342330885,-867.94,166,1738.01,-43408.40,-131.55,-12.51,7.00,5.18,3977.56,360.37,3745.49,588640000.00,1.89e+09,-176751984.00,1307.90,107.80,-846.24
15039959439346469003,-477.51,199,742.51,337454.31,210.48,7.27,6.57,10.37,848.41,1379.76,2528.17,-1.10e+09,1.50e+09,684495936.00,1264.34,559.27,30.00
3283439387039940566,-389.04,209,1946.28,807392.50,-230.50,-13.27,8.40,19.76,924.88,2899.76,-3659.02,769775936.00,1.71e+09,-1.25e+09,-1187.07,-1590.24,391.56
12739102253412366042,COAST,-1094.05,190,734.97,634165.62,-77.20,10.74,-7.16,-18.57,-3571.71,-1898.78,-1760.00,-1.66e+09,-708719936.00,-1.55e+09,1035.56,1166.78,1145.95
16298263234807819421,-1266.32,104,619.26,207551.00,237.94,4.51,-30.19,-1.81,-3151.10,488.05,1889.27,-39824000.00,445951968.00,-53135996.00,-1575.76,-1036.44,-891.66
15757010112024354516,30.88,110,341.60,-408552.81,-86.56,-29.89,-30.58,3.06,1637.32,1316.71,2843.17,1.51e+09,674495936.00,-390063968.00,143.80,-556.44,-732.98
763419182369496270,COAST,-583.31,86,553.81,-638105.19,262.97,25.10,-25.71,-29.92,1395.37,-312.32,-1949.27,-1.01e+09,120847992.00,-793199936.00,-857.46,1229.71,916.24
14838347161021530969,-1137.59,167,1169.41,699659.81,-116.59,-25.26,15.03,-0.11,-39.76,3768.90,2198.41,610368000.00,1.17e+09,1.82e+09,-1337.12,578.63,20.59
17103803496874231426,END,435.82,70,1602.89,333584.81,-107.74,-16.13,13.87,22.92,-3987.68,1637.07,3963.05,1.43e+09,-815423936.00,1.08e+09,-1492.49,45.90,-1456.88
10865644074412420438,-749.97,58,406.26,-30775.30,-82.18,-19.85,26.19,-23.81,710.37,-2475.85,328.17,-257151984.00,2.09e+09,-411183968.00,-475.32,989.51,-17.61
7403948596443520782,PAD,-1329.05,115,1259.69,-448574.41,171.83,7.60,-20.83,3.22,599.15,1468.66,412.20,-1.20e+09,-2.00e+09,863727936.00,-697.17,-540.20,397.46
5307009210267131291,PAD,10.29,80,545.59,-340594.91,-178.08,-14.35,26.54,25.31,2454.27,3909.39,-1453.90,-1.43e+09,386751968.00,-795839936.00,229.90,-1537.02,-1012.39
12817720205704583820,BOOST,-1157.72,65,1876.40,52431.30,242.37,18.92,-8.46,-28.42,778.29,-2179.76,3852.93,640960000.00,-758335936.00,1.65e+09,-1282.24,-647.76,465.66
1426267905721287067,PAD,-97.39,195,54.33,-430180.91,-297.86,24.56,0.80,-29.36,637.56,2006.71,190.00,2.02e+09,-1.63e+09,-1.73e+09,267.27,896.29,1549.95
51726402936287163,RECOVERY,-406.36,200,235.53,445258.50,34.86,5.75,5.81,28.17,-140.00,54.02,-3289.15,-1.27e+09,1.08e+09,-925231936.00,1250.93,552.63,6.20
10663079771751344658,-716.26,163,1418.17,79425.50,-229.86,-22.67,-25.92,2.70,-3993.66,-3885.00,-614.51,1.67e+09,-501647968.00,827711936.00,-1489.61,-1470.49,333.56
18116191876728846990,-1001.36,205,1462.59,-244409.80,-102.08,-17.10,-30.83,-16.14,-1420.85,-939.15,167.93,-1.90e+09,-777375936.00,-604992000.00,-447.51,-677.71,-362.93
8223040086713686948,-96.45,75,2070.65,364188.09,-145.60,-20.76,-5.90,-22.79,-2024.02,-74.02,-3430.37,-1.58e+09,-1.97e+09,96719992.00,-312.88,313.66,466.00
18161366229656464416,180.69,138,1321.07,-556109.50,-133.34,17.77,24.36,-19.20,2170.73,-2315.98,3199.27,-1.92e+09,1.09e+09,17792000.00,-1255.12,66.44,549.85
17101232832408470414,234.06,217,2278.86,-572584.38,-263.95,10.44,18.86,4.13,759.02,-2679.76,-3607.20,-865903936.00,1.14e+09,-1.74e+09,1026.83,761.90,605.12
16089000633593907402,313.64,114,1279.25,-176744.59,-57.50,7.56,16.73,-3.99,-338.66,-2926.10,1995.49,-1.70e+09,356159968.00,-1.47e+09,588.49,1161.17,1519.27
6914054901440948503,-1303.31,231,1209.16,532087.12,167.65,11.28,31.93,-22.99,-2508.90,-605.85,-927.56,-68240000.00,154576000.00,852511936.00,1302.54,-1085.90,-352.63
11826814860563954426,-1444.68,230,688.99,616039.31,-296.49,28.62,1.63,17.51,-572.56,-485.98,1395.98,375423968.00,-953007936.00,405791968.00,-1176.10,-593.56,140.68
3426259840741696219,APOGEE,-293.07,25,1872.75,832614.81,78.23,10.82,14.01,11.44,2572.32,-1804.76,1343.05,199087984.00,831231936.00,86287992.00,-242.68,1041.56,-118.00
13623676078739131630,-378.27,30,154.19,-492858.09,1.95,-23.04,8.85,12.20,121.83,-2785.73,717.07,-943775936.00,1.71e+09,571856000.00,-1200.63,-962.63,-1055.46
10467501554025289251,-668.05,140,1837.64,411864.09,114.41,31.22,-11.68,-19.52,-255.12,-3804.76,2122.20,415919968.00,-2.04e+09,-413183968.00,-864.59,-1260.44,-585.95
1107454232794382183,355.77,98,1648.61,-294173.91,228.91,27.84,-22.20,26.52,-3118.05,29.88,-2260.24,-799999.94,-852367936.00,-2.01e+09,510.49,-1113.85,-280.68
16030577399390317655,END,207.37,174,2137.35,383817.81,-120.99,18.15,-12.13,-14.62,-214.51,2605.49,-358.41,-445807968.00,-687519936.00,-766351936.00,-1460.73,-664.59,801.32
3401310105316926751,COAST,-1302.37,169,1223.44,-164750.00,27.34,-26.14,19.01,-26.93,449.51,-3473.78,-1372.68,1.87e+09,-1.55e+09,-173647984.00,-1432.59,-448.05,-555.17
11563536547989949066,-949.40,75,1047.01,663964.19,-167.94,-20.82,21.35,-10.42,1391.46,-1630.24,-3945.49,-1.86e+09,-1.74e+09,-1.25e+09,-355.80,-912.54,-1202.10
15716501147777894412,-554.29,95,845.82,748253.50,-281.03,29.19,-28.60,28.66,-534.76,-1575.98,1485.24,1.34e+09,1.86e+09,99391992.00,-546.44,484.98,-1447.07
5162086617609890535,END,-1219.98,158,335.43,-830155.50,144.87,-27.56,16.86,24.04,-222.68,2773.90,-1506.71,-1.74e+09,-510351968.00,1.33e+09,-1174.88,-458.44,353.71
6502913833604606525,-1467.16,92,1929.80,-323858.00,103.34,13.59,-22.71,10.14,2354.02,1939.88,-3042.56,2.08e+09,1.28e+09,-2.00e+09,-438.59,1470.34,-574.44
1189590204251206221,-659.15,242,2441.75,-755152.69,178.08,-19.98,-16.92,23.32,930.49,-1523.78,-3321.59,-1.01e+09,1.01e+09,-417727968.00,467.80,392.68,1359.56
11747976518618460257,COAST,-961.10,23,713.28,-101412.40,-187.30,6.82,-10.41,7.34,3842.07,1153.41,992.93,-448175968.00,1.61e+09,413199968.00,193.90,54.20,-177.90
13696353180163403651,-170.42,18,513.44,-469039.00,-179.33,-15.20,-7.97,20.47,3230.37,-2796.46,3607.93,26959998.00,1.45e+09,1.68e+09,1570.93,286.83,-341.17
214958297553271443,COAST,-1354.33,10,1004.30,-153454.59,15.78,28.22,12.94,8.66,-1237.44,-127.80,2613.29,-522863968.00,588464000.00,-199935984.00,-8.54,-900.49,160.59
7219456121887600402,APOGEE,-83.34,6,1554.26,-355678.81,-110.68,-26.12,-15.36,12.02,3496.83,351.83,1514.27,591664000.00,-1.03e+09,1.48e+09,98.98,-707.46,-198.98
7438392944363468298,END,-2.35,49,275.08,188816.00,-14.76,9.99,-15.13,24.21,-2700.73,3273.54,467.07,359103968.00,937711936.00,-451423968.00,-175.95,507.46,98.29
9428263779971056403,PAD,162.43,119,106.37,625039.88,-94.69,-15.17,26.23,-4.35,-3316.22,-1542.20,-1976.83,111295992.00,2.09e+09,1.32e+09,-358.63,785.41,-451.76
14885268665888907636,APOGEE,336.58,94,1233.10,599415.31,17.51,-26.14,4.83,0.81,1824.27,-1999.51,610.00,-1.02e+09,91119992.00,240175984.00,1145.02,576.24,193.02
17293937962533261494,COAST,173.67,118,2147.54,505879.41,-124.30,-28.31,-15.87,18.12,1576.71,-880.00,3071.83,2.04e+09,-384943968.00,1.42e+09,494.44,-785.56,377.02
3994281372420265486,-1062.22,134,688.66,-582882.38,162.99,6.38,6.96,24.35,-195.85,-1911.10,1310.73,606512000.00,-2.07e+09,965007936.00,-330.44,-1035.66,1026.83
5120988386040924502,41.65,50,1787.01,-74637.10,206.87,26.24,9.89,-21.33,720.12,1029.02,1949.63,401903968.00,-394447968.00,-1.44e+09,846.39,-883.17,434.20
8986538120470852213,RECOVERY,-1390.85,225,1386.09,49156.10,-189.00,10.67,-29.66,29.49,-1111.10,-3546.59,3241.83,110127992.00,972351936.00,1.19e+09,333.17,142.34,164.98
9525024791129589806,-765.42,184,2256.50,697080.62,-85.97,-3.14,-9.12,-7.28,3080.37,1044.51,-3168.17,-1.31e+09,-341023968.00,1.83e+09,384.34,1417.27,1485.61
11029443526824437850,RECOVERY,-1028.04,31,243.16,483435.91,219.59,31.80,19.49,16.98,-3012.32,805.85,2948.54,460639968.00,278208000.00,1.13e+09,-1089.41,-1030.49,-353.02
7654262331209406797,-1008.38,35,163.35,109000.10,91.04,14.54,24.59,-3.62,2713.66,-3201.46,-1681.95,198655984.00,1.49e+09,-73936000.00,1401.66,-1373.51,-1418.29
8454387896110366425,388.07,53,181.71,216182.50,64.45,8.76,22.09,-6.09,2448.78,637.93,-3433.90,950415936.00,1.23e+09,-561152000.00,1225.80,-283.90,-1088.98
10606708793539297250,RECOVERY,-323.96,114,1797.60,-313313.91,-177.04,-10.22,29.37,19.05,1280.98,1944.63,2379.39,-1.62e+09,765343936.00,-500751968.00,1038.78,1062.59,1074.78
12100207729037492675,-768.23,206,974.98,634372.31,100.02,16.86,-24.05,-31.38,-2733.66,-1873.41,-2545.98,-1.83e+09,-370815968.00,743119936.00,-130.68,-929.02,-703.80
10510666999572178358,-262.17,244,1957.89,547078.00,-25.67,10.85,-24.46,4.97,-1536.83,-1910.12,1157.93,-1.62e+09,-1.97e+09,-4304000.00,1065.76,-515.85,1238.24
17463051901900542399,122.64,42,239.67,-718763.19,-0.82,-3.28,21.37,-13.02,-3100.37,-1429.88,1740.61,941279936.00,2.04e+09,-407183968.00,-1253.46,306.44,622.88
11330646874277983752,-854.36,201,2099.21,167543.59,-39.37,-20.10,-2.08,-7.83,-139.63,2740.00,3773.05,445807968.00,1.14e+09,-321856000.00,-1528.24,53.76,1071.90
7532027393622528547,-330.52,210,1992.19,153554.20,235.22,-20.92,4.21,25.64,-2217.80,-2512.68,2455.24,421215968.00,-1.38e+09,-378927968.00,-963.85,1236.20,1578.10
14743969396608695307,BOOST,-599.23,14,1259.58,-627022.81,-185.03,-30.03,0.57,-30.94,2577.20,2044.88,-3982.44,248543984.00,-1.28e+09,-788463936.00,435.02,1302.39,832.78
16003398097280589306,-1234.49,83,2123.45,-385964.09,-271.60,31.54,-5.28,9.58,-2821.10,259.27,-438.41,1.44e+09,490351968.00,976351936.00,64.63,-310.34,-156.29
13965378507567598081,-1358.08,155,1375.03,834044.69,261.95,8.95,-13.98,-10.12,-349.63,-2144.27,-2540.00,1.48e+09,-387903968.00,-1.87e+09,-711.80,185.71,-632.29
2542093250668573044,-160.58,34,2613.52,729485.19,211.20,4.19,21.52,-1.48,-317.68,3566.71,-2112.32,-1.15e+09,290592000.00,1.07e+09,406.93,737.71,68.20
18420974605831635912,140.43,246,1448.04,-209048.70,-20.66,30.14,-12.18,21.16,2722.32,537.80,2384.51,-1.30e+09,-736783936.00,-1.36e+09,412.83,-1236.73,-1187.76
17835028620954815219,129.19,128,2184.64,-715456.31,191.00,-3.10,-23.51,-14.51,-3253.54,-3350.85,1515.85,-1.40e+09,1.51e+09,-1.10e+09,1295.51,-345.07,470.24
18263254935812522642,156.34,115,391.23,-717073.50,213.34,4.99,-26.62,-18.58,-3747.80,2419.02,1489.76,-1.29e+09,1.02e+09,272384000.00,1210.93,-351.27,286.59
7542293415011233122,BOOST,-612.34,243,1321.67,361460.19,80.11,-5.15,13.47,-21.72,2724.63,3551.71,-1191.34,-1.64e+09,-389247968.00,281408000.00,-728.88,515.27,817.41
6403612844674487474,-44.49,72,2302.81,-752795.19,-184.81,-21.77,9.26,-27.15,471.95,442.80,-1609.27,-1.37e+09,-316832000.00,-1.64e+09,684.20,842.34,922.29
10933931271758007314,END,310.83,187,1954.25,-761535.12,-215.09,-7.85,-7.78,-15.04,3270.98,3604.76,-2323.29,-659680000.00,-1.24e+09,1.32e+09,282.68,1097.27,233.85
13629849474338236362,BOOST,-268.26,150,227.61,716888.50,-32.72,-15.01,12.38,-29.17,-2332.20,-909.27,-3524.88,1.71e+09,865391936.00,280464000.00,62.49,761.41,766.00
3325220798494682544,END,40.25,0,1377.25,-735768.69,-54.89,-10.88,-15.32,-26.47,-3896.22,-1855.85,2097.32,1.32e+09,1.42e+09,-342815968.00,-999.51,-879.46,-1236.98
12697846625098964196,417.10,68,2150.84,176758.41,274.52,-14.33,-26.63,-27.11,-365.37,-822.07,-2086.59,-1.55e+09,-801919936.00,1.54e+09,-1438.68,-834.44,-402.15
9604435969555468959,-1132.44,185,1621.53,-64326.00,-49.77,-31.29,-20.85,-31.45,-824.88,-2103.90,3348.66,-229311984.00,-633520000.00,1.11e+09,-88.73,1432.88,-881.56
2577877831713706177,BOOST,5.60,216,1371.01,-809482.12,73.20,-24.32,-18.91,12.44,-3656.95,2856.22,3484.39,-2.02e+09,460735968.00,-101391992.00,-26.93,-1015.56,-192.88
3969699836953553742,-121.26,157,1994.56,-648581.88,197.95,15.59,-31.19,-17.54,1741.83,-93.54,-3063.90,-1.60e+09,-282272000.00,-898751936.00,-1342.10,210.34,1529.46
2016333417855205024,188.65,166,1881.22,-679786.12,-149.55,10.33,-4.76,-23.83,-3060.73,1631.71,1020.85,-2.02e+09,-1.40e+09,-1.51e+09,1451.71,1114.63,227.80
9226127440074778251,-1129.16,152,62.08,-509029.41,102.97,-29.49,-20.56,-8.27,3978.17,3736.95,1768.05,870399936.00,1.15e+09,-1.88e+09,-374.15,-1141.12,-1020.83
16540419286719367214,-462.53,21,1027.31,125746.00,-107.15,22.92,25.43,0.02,-1740.98,-796.22,1091.83,1.30e+09,235295984.00,844271936.00,118.73,-46.83,-1349.27
12753695224489275917,-680.22,172,2040.52,-591268.88,43.27,-28.92,-17.97,3.95,-1992.32,-2206.46,996.46,-731695936.00,-1.04e+09,1.41e+09,-159.07,-446.05,-639.02
13303771511537689570,END,-390.44,77,1111.84,222894.09,-187.84,-6.51,13.97,-10.87,-2305.37,-1555.49,-1965.12,-1.20e+09,795951936.00,1.29e+09,-460.63,-541.41,1482.68
4852041569153582218,-48.23,101,68.57,217240.70,-133.36,9.75,-17.59,-9.65,1355.61,-3185.37,-2149.76,-1.08e+09,-1.07e+09,1.21e+09,-879.80,1334.15,305.07
664825531805728289,-1099.67,221,546.77,302253.19,-280.65,19.11,-30.43,1.47,-1518.78,3562.44,-901.34,-1.27e+09,-587632000.00,1.17e+09,759.37,-1220.05,799.95
9656995550887403191,APOGEE,138.09,139,1623.32,-686261.00,292.32,14.71,-23.61,8.91,686.34,770.73,2739.76,125183992.00,814511936.00,-1.15e+09,667.41,1299.95,144.98
16593245707938739566,APOGEE,-314.13,221,119.95,-549022.81,61.44,-15.95,5.71,-5.66,-13.05,1509.76,1434.27,-1.67e+09,321536000.00,1.83e+09,1033.76,-463.07,-920.34
17529451346579246879,-611.40,241,1109.98,564654.69,-179.01,28.69,31.34,2.20,2518.66,2153.66,-1802.56,-207183984.00,-1.49e+09,-689087936.00,1315.76,-453.95,-958.73
2103700085273451752,END,-977.48,148,643.49,342131.59,124.40,26.95,-31.74,17.82,-3895.00,-3371.34,3796.10,-930783936.00,477903968.00,760943936.00,488.24,670.98,1566.54
11992011062645053189,COAST,-212.55,187,2044.04,-645266.38,313.76,30.81,-31.12,11.87,1835.00,-2636.34,2643.78,-235727984.00,735519936.00,1.84e+09,1052.34,1053.37,-1030.05
6107657653539066905,COAST,-1407.70,36,1893.19,-110286.50,200.93,-30.27,9.97,29.40,-3092.44,-2975.85,-3234.51,-2.05e+09,1.50e+09,708287936.00,1174.00,-1126.98,1497.37
15116633303130422509,-200.38,223,1296.11,-221934.59,-21.82,-16.35,8.74,20.08,1182.80,-3528.90,-217.68,1.09e+09,1.91e+09,1.58e+09,-1147.17,452.29,1143.12
2565170558922494301,-1262.58,206,818.98,-819802.50,199.61,-29.42,-2.85,31.20,3587.20,-2653.17,-775.12,130559992.00,-473359968.00,-1.04e+09,1565.22,353.56,-560.15
4039026961492851183,-830.02,186,2036.86,-146509.70,191.18,-17.23,-20.08,8.47,-2588.90,-597.80,1796.34,1.74e+09,866239936.00,1.88e+09,362.73,1294.54,1320.93
8681957638625053501,-545.39,151,44.25,-40456.40,31.05,-23.08,22.67,-9.20,3927.20,-2518.66,-3491.46,-243071984.00,-297536000.00,-1.57e+09,961.51,-1073.85,-354.54
9806416883809146649,RECOVERY,-1126.35,23,1752.30,705020.31,-80.57,24.81,-27.60,23.93,-853.54,1484.88,-1142.56,-150000000.00,-839119936.00,1.67e+09,550.24,857.90,411.61
17093940173519776145,-1041.62,146,1658.17,-452580.41,-295.62,-18.62,-10.97,17.17,-650.85,2026.59,-1101.34,-1.70e+09,-1.17e+09,-345007968.00,-779.61,697.37,1276.29
12750276149351315184,-448.02,17,591.81,516752.50,173.57,-21.29,9.02,21.62,-2853.90,-3462.80,-2602.07,2.01e+09,-1.39e+09,1.67e+09,1176.59,128.00,1381.66
10701051784791166898,59.44,84,470.34,-340124.59,55.22,-29.56,13.67,-28.36,3676.10,-2554.39,-1854.02,-17072000.00,-149056000.00,391327968.00,-196.78,-797.07,991.46
242365615577252958,RECOVERY,-489.68,188,1491.81,647146.38,278.17,6.31,24.90,-11.79,1863.29,1922.80,2303.41,1.54e+09,1.76e+09,1.98e+09,1096.29,-800.44,159.71
10050468684958853818,-296.81,106,1663.55,603031.12,189.12,28.95,22.89,18.42,-2353.17,1126.71,3259.63,1.93e+09,-2.09e+09,186047984.00,-749.37,171.71,-289.80
13410841895862261847,APOGEE,206.43,197,1662.40,-369123.59,122.73,20.70,-19.40,5.42,-243.29,2415.73,-2548.90,-1.93e+09,-486159968.00,2.09e+09,-415.32,-1072.24,-1501.51
3219972029519974592,PAD,218.61,29,1420.78,-824604.19,35.34,-15.45,27.54,14.18,1201.22,744.02,3515.61,-127055992.00,-1.21e+09,-1.05e+09,-1025.12,-499.41,1281.46
16176338228484997685,BOOST,-661.49,117,1734.44,-170085.41,56.33,-18.88,11.74,5.53,929.63,-1587.07,3084.39,1.82e+09,-151184000.00,1.58e+09,89.61,1376.39,-10.05
13408776880214147469,-1333.74,173,275.34,117482.00,216.66,-11.64,-17.74,-22.94,-1658.90,2250.24,-502.07,-274800000.00,-347983968.00,1.63e+09,1421.66,-1372.29,830.34
12400512995120885795,APOGEE,-64.15,73,414.19,298846.19,-7.54,10.32,-31.87,-17.19,1185.85,-1503.54,-1982.68,248655984.00,339391968.00,-1.81e+09,-1363.90,1417.27,458.39
10330269969090186228,-299.62,119,1666.31,367907.91,246.54,25.40,20.93,-6.43,-3391.59,-1162.80,2166.95,-1.63e+09,-1.05e+09,1.65e+09,-901.56,139.32,1132.44
8900102722273494706,-775.72,97,14.49,368497.31,-69.79,-24.73,9.20,9.24,-657.80,-3308.17,82.20,-1.46e+09,1.29e+09,-2.10e+09,-1488.93,66.44,-1175.61
3635628562562764809,BOOST,-874.03,40,2551.48,719288.88,61.85,-15.69,15.50,3.35,-1255.98,692.56,1202.56,1.87e+09,-705119936.00,-1.17e+09,1227.41,-334.54,-1473.71
17420231603954963881,PAD,-139.52,34,407.24,249698.09,262.01,-28.67,12.52,25.00,2033.41,356.95,1904.88,1.41e+09,1.13e+09,-504191968.00,106.00,433.71,445.85
17431254833757198964,-124.54,67,1340.80,-227263.41,-7.70,-7.94,-8.26,12.35,-3437.93,1602.07,3290.24,-1.17e+09,1.22e+09,1.23e+09,-1154.39,-304.93,-1356.68
15156285849992255478,RECOVERY,272.44,230,901.76,-313194.19,-34.75,-8.82,-23.79,25.04,3100.61,-1419.02,-1665.24,270640000.00,1.75e+09,753471936.00,-184.05,1593.12,-929.61
15634448439229945223,-1473.71,13,1624.37,243445.59,-111.42,5.04,-27.59,9.99,-1869.51,2440.12,1343.29,1.32e+09,-590560000.00,-1.10e+09,1184.29,495.32,-1505.32
15412113008801434848,END,29.01,235,167.98,350806.50,-88.26,-19.48,-20.44,-0.11,-3380.49,1836.59,-410.61,-1.55e+09,-1.33e+09,-741263936.00,-1268.73,1536.10,1008.29
4060241989603379408,-217.23,61,199.10,-407753.69,-85.01,-31.40,2.00,-24.83,-3608.41,-1350.12,3947.32,-1.77e+09,1.38e+09,-246799984.00,1585.22,957.80,1404.83
7681222723299958978,END,-412.44,168,602.87,-461612.00,-301.24,9.52,-2.60,-29.57,-574.88,1379.39,-904.51,12479999.00,-1.17e+09,-103919992.00,875.46,-927.66,585.32
16656091027806737713,PAD,-1362.76,150,2606.27,-567550.12,62.53,-9.10,-11.68,13.92,3228.54,53.78,2174.39,610752000.00,-1.79e+09,-1.23e+09,-206.93,-1333.51,852.98
16873254571777312497,399.31,72,891.15,781141.19,-158.32,15.95,-28.50,-4.63,-997.20,-1278.66,3198.17,411103968.00,1.92e+09,1.34e+09,210.73,-934.93,-543.80
14622205269368740308,-1026.64,13,1571.19,-173871.91,19.17,-1.41,6.37,14.32,-3074.76,-3881.22,1987.44,2.03e+09,770719936.00,1.62e+09,303.27,782.10,209.85
1837580780099666027,367.01,124,770.41,-369516.31,-58.65,19.72,-27.17,-26.36,-2568.54,3380.00,503.66,-1.54e+09,1.70e+09,641200000.00,-1392.39,1511.71,1097.12
5136415868708607880,-225.66,89,1867.95,-761467.38,293.74,0.14,-19.10,-17.80,-632.20,3392.44,683.66,-1.38e+09,554304000.00,-762399936.00,-617.07,-207.51,-272.20
16358922247617446449,RECOVERY,418.03,243,2235.37,-531657.19,93.46,22.28,3.40,-1.74,-2385.49,2877.68,1609.15,-1.25e+09,373631968.00,-336848000.00,-1108.44,1208.73,-69.32
2403834418049645552,-1279.43,72,2078.78,-815794.81,251.68,22.07,3.98,-6.33,3025.00,-1297.80,276.83,1.55e+09,25359998.00,979167936.00,-1064.20,-149.02,-1399.71
6801074127500931340,PAD,-1262.11,247,1627.71,837634.12,-229.33,-16.79,-16.73,-3.82,-3556.71,3508.05,2782.44,1.14e+09,-1.97e+09,1.29e+09,1494.78,888.98,1332.34
1344359125164645162,-663.83,85,1081.10,-629787.00,-120.50,-19.30,9.35,-1.62,2886.83,-406.59,2962.20,457359968.00,1.31e+09,-1.21e+09,-1100.98,1566.93,-17.02
2214091860190437929,END,-1397.87,174,156.16,792667.12,33.38,-28.06,-21.97,9.70,1187.32,3910.73,3262.68,-1.29e+09,-360847968.00,413887968.00,372.15,-1018.54,-65.12
3732593573764615622,-1170.82,117,1411.33,212496.41,-47.52,28.45,-22.96,11.65,-2070.12,-3530.61,-2170.61,-1.64e+09,-1.54e+09,208431984.00,-655.80,120.20,-292.29
6462730951094891756,406.80,16,998.11,255952.59,-79.22,-12.92,-6.81,-23.76,-2151.59,2463.29,1132.80,-232639984.00,-1.55e+09,1.75e+09,263.32,-488.24,372.10
10175139713335977123,-521.99,115,1100.45,470237.19,-68.76,14.30,-9.70,0.13,3917.44,2570.24,-2371.59,-22671998.00,1.84e+09,-1.14e+09,-439.02,173.85,1441.27
917666231145811321,-501.39,202,155.80,599577.00,-114.90,12.12,21.50,31.49,3482.07,3154.27,969.88,1.87e+09,1.20e+09,1.42e+09,-564.73,-850.39,1511.61
9931800411701953424,APOGEE,-1183.46,97,1392.42,241535.91,-192.79,-9.94,31.76,6.45,3493.17,876.46,-773.05,1.82e+09,1.80e+09,-442703968.00,707.17,-829.17,-1105.27
18129650896315719581,END,-546.33,94,1623.86,214182.50,-108.94,29.85,-1.03,31.50,-2477.20,927.80,221.22,-135120000.00,-1.16e+09,-325328000.00,-983.66,-15.07,569.51
7313905331317276769,-1147.42,230,126.52,28188.70,24.07,-25.45,5.21,-18.09,314.39,-3492.32,-290.37,1.36e+09,496847968.00,1.56e+09,1353.32,-750.93,255.80
10738040142147579456,BOOST,437.23,76,11.25,-144010.41,150.21,-28.93,27.16,-28.92,1508.66,840.24,2329.76,-119535992.00,-1.75e+09,242159984.00,782.20,-1263.07,-1596.98
191654352763532310,-1130.56,66,1648.62,321187.00,-224.82,-20.49,5.35,28.36,2534.76,-2124.76,1224.27,-965839936.00,1.61e+09,777231936.00,-162.78,1096.93,-1567.27
17043321565601765412,-1464.35,3,2560.23,90291.30,-301.41,-21.71,3.52,27.38,2875.37,946.83,-2404.76,-691215936.00,-1.33e+09,-1.37e+09,1595.56,-324.93,-900.39
7604771093266000927,-89.43,234,773.80,-189328.50,209.08,-6.26,17.74,-7.17,-332.20,1137.68,-2725.61,-1.16e+09,-968479936.00,1.34e+09,-366.29,1517.02,-870.59
12251685414258544376,APOGEE,-1089.84,14,2103.04,292691.91,72.10,-17.16,15.39,-30.81,-2138.05,-1632.56,1035.00,-1.56e+09,1.27e+09,-346383968.00,824.15,354.63,429.71
13943448653845609534,-1249.00,225,495.85,549727.88,-240.45,19.36,-22.77,-19.98,3696.22,-959.15,-1705.12,1.60e+09,-748367936.00,-1.56e+09,-721.95,-155.12,-1584.93
1261185188664680357,APOGEE,-472.83,93,178.64,65678.60,-194.14,22.32,-15.96,5.72,3412.32,-3646.95,-450.24,737839936.00,-2.03e+09,-471231968.00,569.27,-1436.73,1357.07
3166389974837768275,-920.37,141,755.50,378937.91,231.19,-0.63,27.08,8.01,917.20,-339.51,1572.68,-1.57e+09,-1.35e+09,-1.25e+09,-1343.76,-1211.66,-1092.78
10375445880393449707,PAD,-367.03,149,481.55,487524.41,-181.50,-10.97,-21.71,-4.32,2501.10,-75.61,1552.68,-1.01e+09,1.51e+09,-1.97e+09,315.61,102.78,-1515.02
979190500323498820,-786.48,105,580.27,18359.90,-175.38,1.50,-29.12,18.69,1062.93,3041.71,-3200.98,1.73e+09,1.88e+09,1.31e+09,-431.12,-920.83,-1194.63
10775440251552010663,RECOVERY,-725.16,249,1403.31,-499473.59,252.78,-24.64,16.42,29.43,2758.17,-1638.90,-1920.24,846383936.00,-1.95e+09,-106623992.00,554.15,18.00,-391.02
15195037661194638820,244.82,130,1465.27,157215.20,-103.04,0.39,-31.57,-24.64,-625.24,-2833.54,2622.32,100383992.00,1.39e+09,-50335996.00,1548.54,1311.27,180.10
10732545871369316460,COAST,-587.99,224,830.96,-203807.09,-67.36,-2.77,15.81,-21.89,-1558.41,680.73,3596.34,1.69e+09,1.81e+09,333360000.00,361.95,7.51,495.32
15311850984424641289,APOGEE,-739.67,85,1093.24,-737132.38,-311.67,8.91,7.60,-6.32,3258.54,-1208.90,2252.07,-1.42e+09,-1.81e+09,1.94e+09,410.00,450.39,48.44
11956183110835047736,COAST,403.52,166,1229.14,344117.31,121.65,-3.45,-2.17,13.61,1620.00,383.05,-3742.32,1.43e+09,-546240000.00,-655920000.00,-1354.05,1150.44,1197.27
7524088539744539803,APOGEE,-656.34,119,244.36,191327.41,254.53,-24.30,-4.21,8.65,-1222.32,-3548.90,2412.93,-1.44e+09,171135984.00,-597024000.00,449.41,-1413.56,869.37
12882695296443922859,221.88,226,2255.28,-173195.70,-209.44,-13.50,21.08,-23.79,3575.85,-3702.20,56.10,-2.07e+09,-959855936.00,578880000.00,-680.59,811.17,-758.10
3831675687886910910,-429.76,254,708.78,105734.30,70.20,1.25,-10.92,-21.57,726.71,-1828.90,2842.80,816687936.00,-630816000.00,-220975984.00,-559.22,-1422.88,532.34
767128987059122119,-1357.14,56,1413.33,-494019.19,271.08,-8.55,15.10,3.99,-707.07,1439.02,-2857.56,-1.06e+09,-1.34e+09,-2.05e+09,205.41,702.15,620.29
14379263735619719622,END,-1462.47,43,1803.05,111951.60,289.07,-25.17,6.79,22.72,-2689.88,2130.24,717.20,-226655984.00,-2.06e+09,1.29e+09,-569.32,1216.10,-851.61
16607097157652542906,BOOST,-376.86,48,1039.31,-556512.12,38.62,-5.18,31.68,0.30,426.34,2501.71,2728.66,-792095936.00,327728000.00,-1.38e+09,776.10,-105.12,-595.12
1395485794460559481,RECOVERY,-4.69,220,439.85,548207.19,148.24,-26.41,-7.21,7.56,367.44,-3295.73,-2849.15,1.85e+09,-1.39e+09,1.38e+09,-1557.85,1249.80,1388.10
16561869094280405907,PAD,-115.64,83,2137.57,320517.91,160.63,18.32,-23.88,-4.60,1362.56,-2010.49,1647.44,307008000.00,-739791936.00,867215936.00,1392.88,1320.34,206.05
12739166548513729999,-1194.70,61,1061.82,-304250.31,-213.24,-9.79,18.85,20.58,1292.93,562.20,463.17,-306832000.00,-178655984.00,1.59e+09,12.59,1214.34,-983.41
85147482174147015,BOOST,-51.04,0,1343.69,408101.91,-16.23,-3.86,20.87,17.12,2548.17,-452.32,-1372.80,-268127984.00,378847968.00,1.87e+09,1207.17,-179.90,822.20
14683251177462775828,-920.84,146,1266.69,-96443.70,-104.33,-31.52,8.04,17.98,-34.15,683.29,1122.07,243007984.00,1.87e+09,-385519968.00,-610.83,501.56,1100.98
12032040799973060140,-879.18,9,431.69,-524432.50,-96.63,8.08,-24.64,-21.29,3804.15,-433.66,3404.88,-1.22e+09,782831936.00,1.11e+09,-301.37,-891.66,1419.95
1988879288176516766,-1031.32,212,2496.18,-336786.50,186.33,15.04,-5.04,0.01,-3579.76,-1748.90,3925.85,-557728000.00,-85503992.00,1.57e+09,940.39,-846.24,1141.95
17749771301671583918,-336.14,95,1653.88,485783.81,317.63,29.88,19.38,-4.80,-2001.71,809.02,-1674.27,-914447936.00,1.22e+09,-1.59e+09,741.80,1078.54,-737.76
6986568982941492824,BOOST,364.67,185,982.67,476212.41,248.08,9.16,2.10,-13.08,3315.73,-609.76,-3727.93,-532207968.00,-82064000.00,1.58e+09,-199.37,1349.95,376.59
3852294204620351362,RECOVERY,154.47,24,770.86,-639078.62,256.43,-8.60,12.65,-4.98,1502.07,1392.80,2090.61,1.05e+09,-488175968.00,1.91e+09,855.76,269.95,197.61
14502991322731826354,-196.16,252,1944.79,-670831.88,250.86,-7.72,29.10,15.03,3289.63,1223.29,937.80,1.26e+09,691759936.00,446399968.00,-1492.93,-618.44,-1193.85
9163654156332588694,-1430.64,170,792.02,28490.70,155.17,8.28,29.12,23.00,1451.59,700.98,1716.95,-385487968.00,1.69e+09,148448000.00,-402.00,-1094.88,528.29
7965711005378734334,-969.06,36,2494.80,61542.30,227.89,-14.22,8.31,20.27,30.98,309.88,-623.54,1.95e+09,819487936.00,-479055968.00,1450.59,-1323.17,-1224.73
18039444115550711246,126.38,39,2543.22,-557570.50,223.20,16.61,30.22,22.89,-1954.51,3771.83,-18.41,1.93e+09,-1.37e+09,-2.08e+09,-979.95,-578.93,775.61
14439565885946146868,-1199.38,49,1716.64,357328.91,-26.79,-5.84,-27.44,18.34,-3139.02,221.46,-17.32,-5232000.00,1.01e+09,-1.95e+09,366.78,1045.17,-730.15
11280331281829958484,-1079.54,102,2137.11,659264.62,-57.03,-4.94,-3.59,-14.89,-1321.83,1105.49,-2478.05,-2.01e+09,1.28e+09,136944000.00,1382.88,1393.22,-1067.95
281410395364108188,PAD,275.72,75,524.37,492241.19,220.10,-9.04,6.63,30.47,-979.27,-1259.02,3683.17,-1.78e+09,910079936.00,-340575968.00,-497.61,1597.41,-340.59
13344186170133751134,273.38,141,9.19,689031.81,251.09,20.00,27.43,-9.85,1395.24,-3122.56,364.51,-713855936.00,-2.01e+09,-1.59e+09,330.39,702.10,1194.24
811708723486911989,-665.70,165,1532.55,714475.12,-287.77,-17.94,9.49,3.99,3413.78,-2800.49,-2614.27,-1.48e+09,1.66e+09,2.05e+09,157.17,1252.98,770.20
7970633249014635113,-496.71,181,1434.19,-590181.88,-52.30,16.67,-6.29,-5.95,2642.56,-1464.88,512.68,2.07e+09,1.74e+09,-1.37e+09,-1143.95,1137.71,811.90
16397475757863196881,-553.35,154,2339.44,-101260.70,140.19,9.38,-17.41,-14.94,2069.51,-3168.90,2281.10,1.24e+09,-1.17e+09,-1.83e+09,125.32,-1108.63,-771.32
1526384,PAD,7.01,0,940.84,621.00,12.41,19.51,0.00,0.00,0.00,0.00,0.00,181183984.00,0.00,0.00,0.24,0.15,1.66
1546384,PAD,8.88,0,940.69,622.30,12.43,19.51,0.00,0.00,0.00,0.00,0.00,181183984.00,0.00,0.00,0.20,0.15,1.71
1566384,PAD,8.88,0,940.72,622.10,12.44,19.51,0.00,0.00,0.00,0.00,0.00,181183984.00,0.00,0.00,0.29,0.15,1.56
1586384,PAD,8.88,0,940.54,623.70,12.44,19.51,0.00,0.00,0.00,0.00,0.00,181183984.00,0.00,0.00,0.34,0.00,1.66
1606384,PAD,8.88,0,940.57,623.40,12.46,19.51,0.00,0.00,0.00,0.00,0.00,181183984.00,0.00,0.00,0.24,0.10,1.66
1626384,PAD,8.88,0,940.57,623.40,12.46,19.51,0.00,0.00,0.00,0.00,0.00,181183984.00,0.00,0.00,0.29,0.00,1.61
1646384,PAD,8.88,0,940.23,626.40,12.48,19.51,0.00,0.00,0.00,0.00,0.00,181183984.00,0.00,0.00,0.20,0.10,1.71
1666384,PAD,8.88,0,940.64,622.80,12.50,19.51,0.00,0.00,0.00,0.00,0.00,181183984.00,0.00,0.00,0.29,0.05,1.66
1686384,PAD,8.88,0,940.42,624.70,12.48,19.51,0.00,0.00,0.00,0.00,0.00,181183984.00,0.00,0.00,0.20,0.15,1.71
1706384,PAD,8.88,0,940.26,626.10,12.50,19.51,0.00,0.00,0.00,0.00,0.00,181183984.00,0.00,0.00,0.24,0.05,1.71
1726384,PAD,8.88,0,940.45,624.50,12.50,19.51,0.00,0.00,0.00,0.00,0.00,181183984.00,0.00,0.00,0.10,0.10,1.76
1746384,PAD,8.88,0,940.07,627.80,12.50,19.51,0.00,0.00,0.00,0.00,0.00,181183984.00,0.00,0.00,0.20,0.05,1.56
1766384,PAD,9.35,0,939.85,629.80,12.48,19.51,0.00,0.00,0.00,0.00,0.00,181183984.00,0.00,0.00,0.24,0.10,1.76
1786384,PAD,8.88,0,940.07,627.80,12.50,19.51,0.00,0.00,0.00,0.00,0.00,181183984.00,0.00,0.00,0.15,0.15,1.71
1806384,PAD,9.35,0,940.26,626.10,12.50,19.51,0.00,0.00,0.00,0.00,0.00,181183984.00,0.00,0.00,0.29,0.05,1.71
1826384,PAD,8.88,0,940.49,624.10,12.51,19.51,0.00,0.00,0.00,0.00,0.00,181183984.00,0.00,0.00,0.15,0.05,1.85
1846384,PAD,8.88,0,940.11,627.50,12.51,19.51,0.00,0.00,0.00,0.00,0.00,181183984.00,0.00,0.00,0.24,0.00,1.76
1866384,PAD,8.88,0,941.09,618.80,12.53,19.51,0.00,0.00,0.00,0.00,0.00,181183984.00,0.00,0.00,0.29,0.10,1.66
1886384,PAD,9.35,0,941.47,615.40,12.53,19.51,0.00,0.00,0.00,0.00,0.00,181183984.00,0.00,0.00,0.24,0.20,1.61
1906384,PAD,8.88,0,942.45,606.70,12.55,19.51,0.00,0.00,0.00,0.00,0.00,181183984.00,0.00,0.00,0.15,0.00,2.00
1926384,PAD,8.88,0,942.07,610.10,12.55,19.51,0.00,0.00,0.00,0.00,0.00,181183984.00,0.00,0.00,0.24,0.20,1.76
1946384,PAD,9.35,0,942.29,608.10,12.56,19.51,0.00,0.00,0.00,0.00,0.00,181183984.00,0.00,0.00,0.34,0.05,1.76
1966384,PAD,8.88,0,942.33,607.80,12.58,19.51,0.00,0.00,0.00,0.00,0.00,181183984.00,0.00,0.00,0.20,0.00,1.66
1986384,PAD,9.35,0,942.90,602.80,12.58,19.51,0.00,0.00,0.00,0.00,0.00,181183984.00,0.00,0.00,0.34,0.10,1.76
2006384,PAD,8.88,0,942.52,606.10,12.58,19.51,0.00,0.00,0.00,0.00,0.00,181183984.00,0.00,0.00,0.24,0.10,1.76
2026384,PAD,9.35,0,942.52,606.10,12.58,19.51,0.00,0.00,0.00,0.00,0.00,181183984.00,0.00,0.00,0.34,0.10,1.61
2046384,PAD,8.88,0,942.36,607.50,12.60,19.51,0.00,0.00,0.00,0.00,0.00,181183984.00,0.00,0.00,0.24,0.05,1.76
2066384,PAD,9.35,0,942.33,607.80,12.58,19.51,0.00,0.00,0.00,0.00,0.00,181183984.00,0.00,0.00,0.29,0.10,1.61
2086384,PAD,9.35,0,942.52,606.10,12.58,19.51,0.00,0.00,0.00,0.00,0.00,181183984.00,0.00,0.00,0.24,0.00,1.46
2106384,PAD,8.88,0,942.36,607.50,12.60,19.51,0.00,0.00,0.00,0.00,0.00,181183984.00,0.00,0.00,0.24,0.10,1.76
2126384,PAD,8.88,0,942.55,605.90,12.60,19.51,0.00,0.00,0.00,0.00,0.00,181183984.00,0.00,0.00,0.24,0.05,1.61
2146384,PAD,8.88,0,942.55,605.90,12.60,19.51,0.00,0.00,0.00,0.00,0.00,181183984.00,0.00,0.00,0.10,0.15,1.71
2166384,PAD,9.35,0,942.36,607.50,12.60,19.51,0.00,0.00,0.00,0.00,0.00,181183984.00,0.00,0.00,0.29,0.00,1.76
2186384,PAD,8.88,0,942.14,609.50,12.58,19.51,0.00,0.00,0.00,0.00,0.00,181183984.00,0.00,0.00,0.24,0.10,1.80
2206384,PAD,8.88,0,942.17,609.20,12.60,19.51,0.00,0.00,0.00,0.00,0.00,181183984.00,0.00,0.00,0.24,-0.05,1.71
2226384,PAD,8.88,0,942.17,609.20,12.60,19.51,0.00,0.00,0.00,0.00,0.00,181183984.00,0.00,0.00,0.24,0.10,1.71
2246384,PAD,9.35,0,941.80,612.50,12.60,19.51,0.00,0.00,0.00,0.00,0.00,181183984.00,0.00,0.00,0.24,0.10,1.76
2266384,PAD,8.88,0,942.17,609.20,12.60,19.51,0.00,0.00,0.00,0.00,0.00,181183984.00,0.00,0.00,0.29,0.00,1.80
2286384,PAD,9.35,0,941.99,610.80,12.60,19.51,0.00,0.00,0.00,0.00,0.00,181183984.00,0.00,0.00,0.15,0.15,1.76
2306384,PAD,9.35,0,942.17,609.20,12.60,19.51,0.00,0.00,0.00,0.00,0.00,181183984.00,0.00,0.00,0.24,0.00,1.76
2326384,PAD,8.88,0,942.36,607.50,12.60,19.51,0.00,0.00,0.00,0.00,0.00,181183984.00,0.00,0.00,0.29,0.20,1.76
2346384,PAD,9.35,0,942.36,607.50,12.60,19.51,0.00,0.00,0.00,0.00,0.00,181183984.00,0.00,0.00,0.29,0.10,1.76
2366384,PAD,9.35,0,942.55,605.90,12.60,19.51,0.00,0.00,0.00,0.00,0.00,181183984.00,0.00,0.00,0.34,0.05,1.66
2386384,PAD,8.88,0,942.40,607.20,12.62,19.51,0.00,0.00,0.00,0.00,0.00,181183984.00,0.00,0.00,0.20,0.10,1.71
2406384,PAD,9.35,0,942.59,605.50,12.62,19.51,0.00,0.00,0.00,0.00,0.00,181183984.00,0.00,0.00,0.15,0.05,1.71
2426384,PAD,9.35,0,942.78,603.80,12.62,19.51,0.00,0.00,0.00,0.00,0.00,181183984.00,0.00,0.00,0.34,0.10,1.61
2446384,PAD,9.35,0,942.97,602.10,12.62,19.51,0.00,0.00,0.00,0.00,0.00,181183984.00,0.00,0.00,0.29,0.00,1.71
2466384,PAD,9.35,0,943.16,600.50,12.62,19.51,0.00,0.00,0.00,0.00,0.00,181183984.00,0.00,0.00,0.24,0.10,1.51
2486384,PAD,9.35,0,942.78,603.80,12.62,19.51,0.00,0.00,0.00,0.00,0.00,181183984.00,0.00,0.00,0.29,0.10,1.76
2506384,PAD,9.35,0,943.00,601.90,12.63,19.51,0.00,0.00,0.00,0.00,0.00,181183984.00,0.00,0.00,0.20,0.05,1.61
2526384,PAD,8.88,0,943.57,596.80,12.63,19.51,0.00,0.00,0.00,0.00,0.00,181183984.00,0.00,0.00,0.24,0.00,1.90
2546384,PAD,9.35,0,943.57,596.80,12.63,19.51,0.00,0.00,0.00,0.00,0.00,181183984.00,0.00,0.00,0.29,0.00,1.71
2566384,PAD,9.35,0,943.23,599.80,12.65,19.51,0.00,0.00,0.00,0.00,0.00,181183984.00,0.00,0.00,0.29,-0.05,1.61
2586384,PAD,8.88,0,943.38,598.50,12.63,19.51,0.00,0.00,0.00,0.00,0.00,181183984.00,0.00,0.00,0.29,0.05,1.80
2606384,PAD,9.35,0,943.79,594.90,12.65,19.51,0.00,0.00,0.00,0.00,0.00,181183984.00,0.00,0.00,0.20,0.05,1.61
2626384,PAD,9.35,0,943.60,596.60,12.65,19.51,0.00,0.00,0.00,0.00,0.00,181183984.00,0.00,0.00,0.10,0.15,1.76
2646384,PAD,9.35,0,943.79,594.90,12.65,19.51,0.00,0.00,0.00,0.00,0.00,181183984.00,0.00,0.00,0.24,0.15,1.76
2666384,PAD,8.88,0,944.40,589.50,12.67,19.51,0.00,0.00,0.00,0.00,0.00,181183984.00,0.00,0.00,0.24,0.05,1.56
2686384,PAD,9.35,0,944.77,586.30,12.67,19.51,0.00,0.00,0.00,0.00,0.00,181183984.00,0.00,0.00,0.24,0.05,1.85
2706384,PAD,8.88,0,944.96,584.60,12.67,19.51,0.00,0.00,0.00,0.00,0.00,181183984.00,0.00,0.00,0.15,0.05,1.61
2726384,PAD,8.88,0,944.59,587.80,12.67,19.51,0.00,0.00,0.00,0.00,0.00,181183984.00,0.00,0.00,0.29,0.15,1.85
2746384,PAD,9.35,0,944.59,587.80,12.67,19.51,0.00,0.00,0.00,0.00,0.00,181183984.00,0.00,0.00,0.20,0.15,1.71
2766384,PAD,9.35,0,945.19,582.60,12.68,19.51,0.00,0.00,0.00,0.00,0.00,181183984.00,0.00,0.00,0.15,0.20,1.71
2786384,PAD,8.88,0,945.38,580.90,12.68,19.51,0.00,0.00,0.00,0.00,0.00,181183984.00,0.00,0.00,0.24,0.10,1.71
2806384,PAD,9.35,0,945.79,577.30,12.70,19.51,0.00,0.00,0.00,0.00,0.00,181183984.00,0.00,0.00,0.29,0.00,1.76
2826384,PAD,9.35,0,946.17,574.00,12.70,19.51,0.00,0.00,0.00,0.00,0.00,181183984.00,0.00,0.00,0.10,0.05,1.76
2846384,PAD,9.35,0,946.36,572.30,12.70,19.51,0.00,0.00,0.00,0.00,0.00,181183984.00,0.00,0.00,0.29,0.05,1.80
2866384,PAD,8.88,0,946.74,568.90,12.70,19.51,0.00,0.00,0.00,0.00,0.00,181183984.00,0.00,0.00,0.24,0.00,1.66
2886384,PAD,9.35,0,946.96,567.00,12.72,19.51,0.00,0.00,0.00,0.00,0.00,181183984.00,0.00,0.00,0.34,0.05,1.61
2906384,PAD,9.35,0,947.34,563.70,12.72,19.51,0.00,0.00,0.00,0.00,0.00,181183984.00,0.00,0.00,0.24,0.00,1.76
2926384,PAD,9.35,0,947.53,562.00,12.72,19.51,0.00,0.00,0.00,0.00,0.00,181183984.00,0.00,0.00,0.29,0.05,1.80
2946384,PAD,9.35,0,947.91,558.70,12.72,19.51,0.00,0.00,0.00,0.00,0.00,181183984.00,0.00,0.00,0.20,0.05,1.80
2966384,PAD,9.35,0,948.10,557.00,12.72,19.51,0.00,0.00,0.00,0.00,0.00,181183984.00,0.00,0.00,0.29,0.05,1.66
2986384,PAD,9.35,0,948.32,555.10,12.74,19.51,0.00,0.00,0.00,0.00,0.00,181183984.00,0.00,0.00,0.05,0.15,1.76
3006384,PAD,9.35,0,948.70,551.70,12.74,19.51,0.00,0.00,0.00,0.00,0.00,181183984.00,0.00,0.00,0.29,0.00,1.80
3026384,PAD,9.35,0,948.70,551.70,12.74,19.51,0.00,0.00,0.00,0.00,0.00,181183984.00,0.00,0.00,0.20,0.10,1.76
3046384,PAD,9.35,0,948.51,553.40,12.74,19.51,0.00,0.00,0.00,0.00,0.00,181183984.00,0.00,0.00,0.24,0.05,1.56
3066384,PAD,9.35,0,948.92,549.80,12.75,19.51,0.00,0.00,0.00,0.00,0.00,181183984.00,0.00,0.00,0.24,0.05,1.80
3086384,PAD,9.35,0,948.55,553.00,12.75,19.51,0.00,0.00,0.00,0.00,0.00,181183984.00,0.00,0.00,0.20,0.10,1.80
3106384,PAD,9.35,0,948.55,553.00,12.75,19.51,0.00,0.00,0.00,0.00,0.00,181183984.00,0.00,0.00,0.24,0.15,1.76
3126384,PAD,9.35,0,948.92,549.80,12.75,19.51,0.00,0.00,0.00,0.00,0.00,181183984.00,0.00,0.00,0.24,0.10,1.71
3146384,PAD,9.35,0,948.92,549.80,12.75,19.51,0.00,0.00,0.00,0.00,0.00,181183984.00,0.00,0.00,0.15,0.10,1.76
3166384,PAD,9.35,0,948.92,549.80,12.75,19.51,0.00,0.00,0.00,0.00,0.00,181183984.00,0.00,0.00,0.20,0.05,1.61
3186384,PAD,9.35,0,948.92,549.80,12.75,19.51,0.00,0.00,0.00,0.00,0.00,181183984.00,0.00,0.00,0.29,0.00,1.80
3206384,PAD,9.35,0,948.92,549.80,12.75,19.51,0.00,0.00,0.00,0.00,0.00,181183984.00,0.00,0.00,0.20,0.10,1.76
3226384,PAD,9.35,0,948.96,549.40,12.77,19.51,0.00,0.00,0.00,0.00,0.00,181183984.00,0.00,0.00,0.24,0.05,1.76
3246384,PAD,9.35,0,949.34,546.10,12.77,19.51,0.00,0.00,0.00,0.00,0.00,181183984.00,0.00,0.00,0.24,0.00,1.61
3266384,PAD,9.35,0,948.96,549.40,12.77,19.51,0.00,0.00,0.00,0.00,0.00,181183984.00,0.00,0.00,0.29,0.05,1.71
3286384,PAD,9.35,0,949.75,542.50,12.79,19.51,0.00,0.00,0.00,0.00,0.00,181183984.00,0.00,0.00,0.24,0.10,1.76
3306384,PAD,9.35,0,950.13,539.20,12.79,19.51,0.00,0.00,0.00,0.00,0.00,181183984.00,0.00,0.00,0.29,0.00,1.71
3326384,PAD,9.35,0,949.94,540.80,12.79,19.51,0.00,0.00,0.00,0.00,0.00,181183984.00,0.00,0.00,0.24,0.00,1.66
3346384,PAD,9.35,0,950.55,535.50,12.80,19.51,0.00,0.00,0.00,0.00,0.00,181183984.00,0.00,0.00,0.29,0.05,1.66
3366384,PAD,9.35,0,950.36,537.20,12.80,19.51,0.00,0.00,0.00,0.00,0.00,181183984.00,0.00,0.00,0.15,0.00,1.71
3386384,PAD,9.35,0,950.96,531.90,12.82,19.51,0.00,0.00,0.00,0.00,0.00,181183984.00,0.00,0.00,0.20,0.10,1.76
3406384,PAD,9.35,0,951.30,528.90,12.80,19.51,0.00,0.00,0.00,0.00,0.00,181183984.00,0.00,0.00,0.24,0.10,1.61
3426384,PAD,9.35,0,951.53,526.90,12.82,19.51,0.00,0.00,0.00,0.00,0.00,181183984.00,0.00,0.00,0.24,0.05,1.61
3446384,PAD,9.35,0,951.53,526.90,12.82,19.51,0.00,0.00,0.00,0.00,0.00,181183984.00,0.00,0.00,0.20,0.15,1.71
3466384,PAD,9.35,0,951.72,525.30,12.82,19.51,0.00,0.00,0.00,0.00,0.00,181183984.00,0.00,0.00,0.29,0.00,1.71
3486384,PAD,9.35,0,951.53,526.90,12.82,19.51,0.00,0.00,0.00,0.00,0.00,181183984.00,0.00,0.00,0.34,0.05,1.80
3506384,PAD,9.35,0,951.53,526.90,12.82,19.51,0.00,0.00,0.00,0.00,0.00,181183984.00,0.00,0.00,0.20,0.10,1.66
3526384,PAD,9.35,0,951.34,528.60,12.82,19.51,0.00,0.00,0.00,0.00,0.00,181183984.00,0.00,0.00,0.20,0.29,1.61
3546384,PAD,9.35,0,950.96,531.90,12.82,19.51,0.00,0.00,0.00,0.00,0.00,181183984.00,0.00,0.00,0.15,0.10,1.51
3566384,PAD,9.35,0,950.58,535.20,12.82,19.51,0.00,0.00,0.00,0.00,0.00,181183984.00,0.00,0.00,0.05,0.10,1.46
3586384,PAD,9.35,0,950.20,538.60,12.82,19.51,0.00,0.00,0.00,0.00,0.00,181183984.00,0.00,0.00,0.10,0.05,1.56
3606384,PAD,9.35,0,949.79,542.10,12.80,19.51,0.00,0.00,0.00,0.00,0.00,181183984.00,0.00,0.00,0.24,0.05,1.71
3626384,PAD,9.35,0,949.03,548.80,12.80,19.51,0.00,0.00,0.00,0.00,0.00,181183984.00,0.00,0.00,0.15,0.00,1.51
3646384,PAD,9.35,0,948.27,555.50,12.80,19.51,0.00,0.00,0.00,0.00,0.00,181183984.00,0.00,0.00,0.20,0.00,1.56
3666384,PAD,9.82,0,948.27,555.50,12.80,19.51,0.00,0.00,0.00,0.00,0.00,181183984.00,0.00,0.00,0.15,0.05,1.51
3686384,PAD,9.35,0,947.89,558.80,12.80,19.51,0.00,0.00,0.00,0.00,0.00,181183984.00,0.00,0.00,0.20,0.10,1.71
3706384,PAD,9.35,0,947.67,560.80,12.79,19.51,0.00,0.00,0.00,0.00,0.00,181183984.00,0.00,0.00,0.24,0.00,1.66
3726384,PAD,9.35,0,947.10,565.80,12.79,19.51,0.00,0.00,0.00,0.00,0.00,181183984.00,0.00,0.00,0.15,0.15,1.56
3746384,PAD,9.35,0,946.72,569.10,12.79,19.51,0.00,0.00,0.00,0.00,0.00,181183984.00,0.00,0.00,0.24,0.15,1.51
3766384,PAD,9.35,0,946.69,569.40,12.77,19.51,0.00,0.00,0.00,0.00,0.00,181183984.00,0.00,0.00,0.15,0.00,1.56
3786384,PAD,9.35,0,966.46,397.00,13.63,19.51,0.00,0.00,0.00,0.00,0.00,181183984.00,0.00,0.00,0.10,0.15,1.61
3806384,PAD,9.35,0,992.54,173.90,14.55,19.51,0.00,0.00,0.00,0.00,0.00,181183984.00,0.00,0.00,0.15,0.10,1.51
3826384,PAD,9.35,0,992.58,173.50,14.57,19.51,0.00,0.00,0.00,0.00,0.00,181183984.00,0.00,0.00,0.15,0.05,1.61
3846384,PAD,9.35,0,992.77,171.90,14.57,19.51,0.00,0.00,0.00,0.00,0.00,181183984.00,0.00,0.00,0.10,0.05,1.51
3866384,PAD,9.35,0,992.77,171.90,14.57,19.51,0.00,0.00,0.00,0.00,0.00,181183984.00,0.00,0.00,0.20,0.10,1.56
3886384,PAD,9.35,0,992.77,171.90,14.57,19.51,0.00,0.00,0.00,0.00,0.00,181183984.00,0.00,0.00,0.10,0.05,1.66
3906384,PAD,9.35,0,992.77,171.90,14.57,19.51,0.00,0.00,0.00,0.00,0.00,181183984.00,0.00,0.00,0.15,0.05,1.56
3926384,PAD,9.35,0,993.15,168.70,14.57,19.51,0.00,0.00,0.00,0.00,0.00,181183984.00,0.00,0.00,0.20,0.00,1.51
3946384,PAD,9.35,0,992.96,170.30,14.57,19.51,0.00,0.00,0.00,0.00,0.00,181183984.00,0.00,0.00,0.15,0.10,1.71
3966384,PAD,9.35,0,992.77,171.90,14.57,19.51,0.00,0.00,0.00,0.00,0.00,181183984.00,0.00,0.00,0.05,0.00,1.51
3986384,PAD,9.35,0,992.96,170.30,14.57,19.51,0.00,0.00,0.00,0.00,0.00,181183984.00,0.00,0.00,0.05,0.00,1.61
4006384,PAD,9.35,0,992.96,170.30,14.57,19.51,0.00,0.00,0.00,0.00,0.00,181183984.00,0.00,0.00,0.05,0.05,1.56
4026384,PAD,9.35,0,992.92,170.70,14.55,19.51,0.00,0.00,0.00,0.00,0.00,181183984.00,0.00,0.00,0.10,0.10,1.66
4046384,PAD,9.35,0,992.96,170.30,14.57,19.51,0.00,0.00,0.00,0.00,0.00,181183984.00,0.00,0.00,0.00,0.05,1.66
4066384,PAD,9.35,0,992.92,170.70,14.55,19.51,0.00,0.00,0.00,0.00,0.00,181183984.00,0.00,0.00,0.10,0.05,1.66
4086384,PAD,9.35,0,992.92,170.70,14.55,19.51,0.00,0.00,0.00,0.00,0.00,181183984.00,0.00,0.00,0.10,0.15,1.46
4106384,PAD,9.35,0,992.73,172.30,14.55,19.51,0.00,0.00,0.00,0.00,0.00,181183984.00,0.00,0.00,0.10,0.10,1.56
4126384,PAD,9.35,0,992.69,172.60,14.54,19.51,0.00,0.00,0.00,0.00,0.00,181183984.00,0.00,0.00,0.20,0.05,1.56
4146384,PAD,9.35,0,992.28,176.10,14.52,19.51,0.00,0.00,0.00,0.00,0.00,181183984.00,0.00,0.00,0.15,0.10,1.56
4166384,PAD,9.35,0,975.43,319.70,13.83,19.51,0.00,0.00,0.00,0.00,0.00,181183984.00,0.00,0.00,0.15,0.05,1.46
4186384,PAD,9.82,0,948.20,556.10,12.77,19.51,0.00,0.00,0.00,0.00,0.00,181183984.00,0.00,0.00,0.05,0.10,1.66
4206384,PAD,9.35,0,943.98,593.20,12.65,19.51,0.00,0.00,0.00,0.00,0.00,181183984.00,0.00,0.00,0.10,0.10,1.61
4226384,PAD,9.35,0,942.66,604.90,12.65,19.51,0.00,0.00,0.00,0.00,0.00,181183984.00,0.00,0.00,0.20,0.00,1.61
4246384,PAD,9.35,0,940.73,622.00,12.63,19.51,0.00,0.00,0.00,0.00,0.00,181183984.00,0.00,0.00,0.20,0.10,1.51
4266384,PAD,9.35,0,938.96,637.60,12.60,19.51,0.00,0.00,0.00,0.00,0.00,181183984.00,0.00,0.00,0.05,0.00,1.56
4286385,BOOST,9.35,0,936.84,656.40,12.58,19.51,0.00,0.00,0.00,0.00,0.00,181183984.00,0.00,0.00,0.05,0.00,0.00
